{
  "project_info": {
    "project_number": "533025698992",
    "project_id": "licenta-23f07",
    "storage_bucket": "licenta-23f07.appspot.com"
  },
  "client": [
    {
      "client_info": {
        "mobilesdk_app_id": "1:533025698992:android:6f64a5dfd0c15c560f3775",
        "android_client_info": {
          "package_name": "eu.ase.licenta"
        }
      },
      "oauth_client": [
        {
          "client_id": "533025698992-vslqoq7gv4sp33pl45qd08ijkgjsd0vj.apps.googleusercontent.com",
          "client_type": 3
        }
      ],
      "api_key": [
        {
          "current_key": "AIzaSyBpUtYfVNlJa5oruhG8hIZfSJnP4TeALds"
        }
      ],
      "services": {
        "appinvite_service": {
          "other_platform_oauth_client": [
            {
              "client_id": "533025698992-vslqoq7gv4sp33pl45qd08ijkgjsd0vj.apps.googleusercontent.com",
              "client_type": 3
            }
          ]
        }
      }
    }
  ],
  "configuration_version": "1"
}